Model,Rouge_Scores,Length_of_Summary,Training_Time,TOPSIS_Score,Rank
BERTSumExt,0.75,130,9,0.7235803533751555,2.0
GPT-3,0.82,150,12,0.2764196466248445,5.0
T5,0.78,140,10,0.5789406664031531,3.0
BART,0.8,145,8,0.7904046021630269,1.0
Pegasus,0.79,138,13,0.20234574394350147,6.0
UniLM,0.75,130,12,0.32187894325716954,4.0
